ID,Teks Asli,ID_AN,NoAg,Type,Teks_Hasil_Augmentasi,Verifikasi
1,Kurang berminat atau bergairah dalam melakukan apapun,Q1_Ag1,Ag 1,Interogatif,Seberapa sering Anda kurang berminat atau kurang bergairah dalam melakukan berbagai hal?,
1,Kurang berminat atau bergairah dalam melakukan apapun,Q1_Ag2,Ag 2,Interogatif,Apakah Anda merasakan penurunan minat atau kegembiraan dalam aktivitas sehari-hari?,
1,Kurang berminat atau bergairah dalam melakukan apapun,Q1_Ag3,Ag 3,Interogatif,"Dalam beberapa waktu terakhir, seberapa sering Anda kehilangan minat atau antusiasme terhadap kegiatan yang biasanya Anda nikmati?",
1,Kurang berminat atau bergairah dalam melakukan apapun,Q1_Ag4,Ag 4,Interogatif,Seberapa sering Anda merasa tidak tertarik atau tidak bersemangat untuk melakukan sesuatu?,
1,Kurang berminat atau bergairah dalam melakukan apapun,Q1_Ag5,Ag 5,Interogatif,Pernahkah Anda merasa kurangnya gairah atau kesenangan dalam menjalankan rutinitas harian?,
1,Kurang berminat atau bergairah dalam melakukan apapun,Q1_Ag6,Ag 6,Interogatif,Seberapa sering Anda mendapati diri Anda tidak termotivasi atau tidak bersemangat untuk melakukan apapun?,
1,Kurang berminat atau bergairah dalam melakukan apapun,Q1_Ag7,Ag 7,Interogatif,Apakah Anda mengalami kehilangan minat atau kesenangan dalam melakukan aktivitas yang biasa Anda sukai?,
1,Kurang berminat atau bergairah dalam melakukan apapun,Q1_Ag8,Ag 8,Interogatif,Seberapa sering Anda merasa hampa atau kurangnya ketertarikan pada hal-hal di sekitar Anda?,
1,Kurang berminat atau bergairah dalam melakukan apapun,Q1_Ag9,Ag 9,Interogatif,"Dalam periode waktu ini, apakah Anda merasa kurangnya keinginan atau dorongan untuk melakukan kegiatan apapun?",
1,Kurang berminat atau bergairah dalam melakukan apapun,Q1_Ag10,Ag 10,Interogatif,"Seberapa sering Anda merasa bosan atau tidak antusias, bahkan terhadap hal-hal yang sebelumnya menarik bagi Anda?",
1,Kurang berminat atau bergairah dalam melakukan apapun,Q1_Ag1,Ag 1,Interogatif,Seberapa sering Anda mengalami kurangnya ketertarikan atau gairah untuk melakukan aktivitas apapun selama dua minggu terakhir?,
1,Kurang berminat atau bergairah dalam melakukan apapun,Q1_Ag2,Ag 2,Interogatif,"Dalam dua minggu terakhir, apakah Anda merasa tidak berminat atau tidak bersemangat menjalankan kegiatan apa pun?",
1,Kurang berminat atau bergairah dalam melakukan apapun,Q1_Ag3,Ag 3,Interogatif,Apakah selama dua minggu terakhir Anda sering kali tidak tertarik atau kehilangan semangat untuk melakukan aktivitas apapun?,
1,Kurang berminat atau bergairah dalam melakukan apapun,Q1_Ag4,Ag 4,Interogatif,Seberapa kerap Anda merasa tidak memiliki minat maupun antusiasme untuk melakukan hal apapun dalam jangka dua minggu terakhir?,
1,Kurang berminat atau bergairah dalam melakukan apapun,Q1_Ag5,Ag 5,Interogatif,"Selama dua minggu terakhir, seberapa sering Anda merasa kehilangan ketertarikan atau semangat untuk melakukan aktivitas apapun?",
1,Kurang berminat atau bergairah dalam melakukan apapun,Q1_Ag6,Ag 6,Interogatif,"Dalam dua minggu terakhir, apakah Anda kerap merasa tidak berminat serta tidak bersemangat melakukan kegiatan apa pun?",
1,Kurang berminat atau bergairah dalam melakukan apapun,Q1_Ag7,Ag 7,Interogatif,Apakah Anda merasa jarang tertarik atau bersemangat melakukan hal apapun selama dua minggu terakhir?,
1,Kurang berminat atau bergairah dalam melakukan apapun,Q1_Ag8,Ag 8,Interogatif,Seberapa sering dalam dua minggu terakhir Anda mengalami bahwa Anda kurang antusias atau tidak berminat dalam melakukan kegiatan apapun?,
1,Kurang berminat atau bergairah dalam melakukan apapun,Q1_Ag9,Ag 9,Interogatif,"Selama dua minggu terakhir, apakah Anda sering kehilangan minat atau semangat dalam melakukan aktivitas apapun?",
1,Kurang berminat atau bergairah dalam melakukan apapun,Q1_Ag10,Ag 10,Interogatif,"Dalam dua minggu terakhir, seberapa sering Anda merasa tidak berminat maupun kehilangan gairah untuk melakukan kegiatan apa pun?",
1,Kurang berminat atau bergairah dalam melakukan apapun,Q1_Ag1,Ag 1,Interogatif,Seberapa sering Anda merasa kurang tertarik atau antusias dalam melakukan berbagai hal?,
1,Kurang berminat atau bergairah dalam melakukan apapun,Q1_Ag2,Ag 2,Interogatif,Apakah Anda mengalami penurunan minat atau kegembiraan dalam aktivitas sehari-hari?,
1,Kurang berminat atau bergairah dalam melakukan apapun,Q1_Ag3,Ag 3,Interogatif,Dalam frekuensi apa Anda kehilangan minat atau kesenangan saat melakukan sesuatu?,
1,Kurang berminat atau bergairah dalam melakukan apapun,Q1_Ag4,Ag 4,Interogatif,Pernahkah Anda merasa tidak berminat atau tidak bersemangat untuk melakukan kegiatan apapun?,
1,Kurang berminat atau bergairah dalam melakukan apapun,Q1_Ag5,Ag 5,Interogatif,Seberapa kerap Anda merasa hampa atau kurang antusiasme terhadap hal-hal yang biasanya Anda nikmati?,
1,Kurang berminat atau bergairah dalam melakukan apapun,Q1_Ag6,Ag 6,Interogatif,Apakah Anda mendapati diri Anda kurang termotivasi atau bergairah dalam menjalankan rutinitas?,
1,Kurang berminat atau bergairah dalam melakukan apapun,Q1_Ag7,Ag 7,Interogatif,Seberapa sering Anda merasa tidak ada keinginan atau gairah untuk melakukan aktivitas apapun?,
1,Kurang berminat atau bergairah dalam melakukan apapun,Q1_Ag8,Ag 8,Interogatif,Adakah waktu di mana Anda merasa kehilangan minat atau semangat dalam melakukan hal-hal yang Anda sukai?,
1,Kurang berminat atau bergairah dalam melakukan apapun,Q1_Ag9,Ag 9,Interogatif,Berapa kali Anda merasakan ketiadaan minat atau kegairahan dalam beraktivitas?,
1,Kurang berminat atau bergairah dalam melakukan apapun,Q1_Ag10,Ag 10,Interogatif,Apakah Anda sering merasa enggan atau tidak bersemangat untuk terlibat dalam kegiatan?,
1,Kurang berminat atau bergairah dalam melakukan apapun,Q1_Ag11,Ag 11,Sinonim,Seberapa sering Anda merasa kurang berhasrat atau bersemangat dalam melakukan kegiatan apapun?,
1,Kurang berminat atau bergairah dalam melakukan apapun,Q1_Ag12,Ag 12,Sinonim,Seberapa kerap Anda kehilangan ketertarikan atau antusiasme dalam melakukan sesuatu?,
1,Kurang berminat atau bergairah dalam melakukan apapun,Q1_Ag13,Ag 13,Sinonim,"Dalam periode waktu tertentu, seberapa sering Anda merasa tidak tertarik atau tidak bersemangat untuk beraktivitas?",
1,Kurang berminat atau bergairah dalam melakukan apapun,Q1_Ag14,Ag 14,Sinonim,Seberapa sering Anda mengalami ketiadaan gairah atau minat dalam melakukan berbagai hal?,
1,Kurang berminat atau bergairah dalam melakukan apapun,Q1_Ag15,Ag 15,Sinonim,Seberapa sering Anda merasa tidak ada dorongan atau semangat untuk melakukan apapun?,
1,Kurang berminat atau bergairah dalam melakukan apapun,Q1_Ag16,Ag 16,Sinonim,Seberapa kerap Anda merasa apatis atau kurang antusias dalam menjalani hari?,
1,Kurang berminat atau bergairah dalam melakukan apapun,Q1_Ag17,Ag 17,Sinonim,"Dalam kurun waktu ini, seberapa sering Anda merasa kehilangan semangat atau minat terhadap aktivitas?",
1,Kurang berminat atau bergairah dalam melakukan apapun,Q1_Ag18,Ag 18,Sinonim,Seberapa sering Anda merasa tidak ada kesenangan atau ketertarikan dalam melakukan hal apapun?,
1,Kurang berminat atau bergairah dalam melakukan apapun,Q1_Ag19,Ag 19,Sinonim,Seberapa kerap Anda merasa kurang termotivasi atau tidak bersemangat dalam melakukan kegiatan?,
1,Kurang berminat atau bergairah dalam melakukan apapun,Q1_Ag20,Ag 20,Sinonim,Seberapa sering Anda merasa kehilangan antusiasme atau minat dalam melakukan sesuatu?,
2,"Merasa murung, sedih, atau putus asa",Q2_Ag1,Ag 1,Interogatif,"Seberapa sering Anda merasa murung, sedih, atau putus asa?",
2,"Merasa murung, sedih, atau putus asa",Q2_Ag2,Ag 2,Interogatif,"Apakah Anda mengalami perasaan sedih, muram, atau kehilangan harapan?",
2,"Merasa murung, sedih, atau putus asa",Q2_Ag3,Ag 3,Interogatif,"Dalam beberapa waktu terakhir, seberapa sering Anda dilanda perasaan duka, kesedihan yang mendalam, atau keputusasaan?",
2,"Merasa murung, sedih, atau putus asa",Q2_Ag4,Ag 4,Interogatif,"Seberapa sering Anda merasa tertekan, nelangsa, atau tanpa harapan?",
2,"Merasa murung, sedih, atau putus asa",Q2_Ag5,Ag 5,Interogatif,"Pernahkah Anda merasakan kesedihan yang berkepanjangan, kemurungan, atau perasaan bahwa tidak ada jalan keluar?",
2,"Merasa murung, sedih, atau putus asa",Q2_Ag6,Ag 6,Interogatif,"Seberapa sering Anda mendapati diri Anda merasa sendu, galau, atau pesimis terhadap masa depan?",
2,"Merasa murung, sedih, atau putus asa",Q2_Ag7,Ag 7,Interogatif,"Apakah Anda sering merasa down, tidak bahagia, atau kehilangan semangat hidup?",
2,"Merasa murung, sedih, atau putus asa",Q2_Ag8,Ag 8,Interogatif,"Seberapa sering Anda diselimuti perasaan murung, melankolis, atau merasa segalanya sia-sia?",
2,"Merasa murung, sedih, atau putus asa",Q2_Ag9,Ag 9,Interogatif,"Dalam periode waktu ini, apakah Anda sering merasa pilu, berduka, atau kehilangan harapan?",
2,"Merasa murung, sedih, atau putus asa",Q2_Ag10,Ag 10,Interogatif,"Seberapa sering Anda merasa hati Anda berat, suasana hati buruk, atau seolah tidak ada lagi harapan?",
2,"Merasa murung, sedih, atau putus asa",Q2_Ag1,Ag 1,Interogatif,"Seberapa sering Anda merasa murung, sedih, atau putus asa selama dua minggu terakhir?",
2,"Merasa murung, sedih, atau putus asa",Q2_Ag2,Ag 2,Interogatif,"Dalam dua minggu terakhir, apakah Anda kerap kali merasa sedih, murung, atau seakan tidak ada harapan?",
2,"Merasa murung, sedih, atau putus asa",Q2_Ag3,Ag 3,Interogatif,"Apakah selama dua minggu terakhir Anda sering merasa tertekan, pilu, atau kehilangan semangat hidup?",
2,"Merasa murung, sedih, atau putus asa",Q2_Ag4,Ag 4,Interogatif,"Seberapa kerap Anda merasa berkabut suasana hati seperti murung, sedih, atau putus asa dalam jangka dua minggu terakhir?",
2,"Merasa murung, sedih, atau putus asa",Q2_Ag5,Ag 5,Interogatif,"Selama dua minggu terakhir, seberapa sering Anda merasakan kesedihan, kebuntuan emosional, atau putus asa?",
2,"Merasa murung, sedih, atau putus asa",Q2_Ag6,Ag 6,Interogatif,"Dalam dua minggu terakhir, apakah Anda kerap merasa sendu, murung, atau seakan hidup tidak berarti?",
2,"Merasa murung, sedih, atau putus asa",Q2_Ag7,Ag 7,Interogatif,"Apakah Anda sering merasa suram, pilu, atau seakan tidak ada harapan selama dua minggu terakhir?",
2,"Merasa murung, sedih, atau putus asa",Q2_Ag8,Ag 8,Interogatif,"Seberapa sering dalam dua minggu terakhir Anda mengalami kondisi murung, sedih, atau seolah-olah tidak ada jalan keluar?",
2,"Merasa murung, sedih, atau putus asa",Q2_Ag9,Ag 9,Interogatif,"Selama dua minggu terakhir, apakah Anda merasakan kesedihan yang mendalam atau rasa putus asa secara berulang?",
2,"Merasa murung, sedih, atau putus asa",Q2_Ag10,Ag 10,Interogatif,"Dalam dua minggu terakhir, seberapa sering Anda merasa bergumul dengan kesedihan, kemurungan, atau putus asa?",
2,"Merasa murung, sedih, atau putus asa",Q2_Ag1,Ag 1,Interogatif,"Seberapa sering Anda merasa muram, berduka, atau kehilangan harapan?",
2,"Merasa murung, sedih, atau putus asa",Q2_Ag2,Ag 2,Interogatif,"Apakah Anda mengalami perasaan sedih, tertekan, atau tanpa harapan?",
2,"Merasa murung, sedih, atau putus asa",Q2_Ag3,Ag 3,Interogatif,"Dalam frekuensi apa Anda merasa sendu, nelangsa, atau pesimis?",
2,"Merasa murung, sedih, atau putus asa",Q2_Ag4,Ag 4,Interogatif,"Pernahkah Anda merasa dirundung kesedihan, kemurungan, atau keputusasaan?",
2,"Merasa murung, sedih, atau putus asa",Q2_Ag5,Ag 5,Interogatif,"Seberapa kerap Anda merasa tidak bahagia, galau, atau merasa tidak ada jalan keluar?",
2,"Merasa murung, sedih, atau putus asa",Q2_Ag6,Ag 6,Interogatif,"Apakah Anda mendapati diri Anda sering merasa terpuruk, bersedih hati, atau tanpa asa?",
2,"Merasa murung, sedih, atau putus asa",Q2_Ag7,Ag 7,Interogatif,"Seberapa sering Anda merasa hati Anda kelabu, duka, atau merasa masa depan suram?",
2,"Merasa murung, sedih, atau putus asa",Q2_Ag8,Ag 8,Interogatif,"Adakah waktu di mana Anda merasa sangat sedih, murung, atau kehilangan semangat hidup?",
2,"Merasa murung, sedih, atau putus asa",Q2_Ag9,Ag 9,Interogatif,"Berapa kali Anda merasakan kesedihan yang mendalam, kemuraman, atau keputusasaan?",
2,"Merasa murung, sedih, atau putus asa",Q2_Ag10,Ag 10,Interogatif,"Apakah Anda sering merasa pilu, merana, atau tidak punya harapan lagi?",
2,"Merasa murung, sedih, atau putus asa",Q2_Ag11,Ag 11,Sinonim,"Seberapa sering Anda merasa suram, berduka cita, atau tanpa harapan?",
2,"Merasa murung, sedih, atau putus asa",Q2_Ag12,Ag 12,Sinonim,"Seberapa kerap Anda dilanda perasaan sedih, muram, atau pesimistis?",
2,"Merasa murung, sedih, atau putus asa",Q2_Ag13,Ag 13,Sinonim,"Dalam periode waktu tertentu, seberapa sering Anda merasa tertekan, sedih, atau putus harapan?",
2,"Merasa murung, sedih, atau putus asa",Q2_Ag14,Ag 14,Sinonim,"Seberapa sering Anda mengalami perasaan melankolis, sedih, atau kehilangan harapan?",
2,"Merasa murung, sedih, atau putus asa",Q2_Ag15,Ag 15,Sinonim,"Seberapa sering Anda merasa gundah, berduka, atau merasa tidak ada harapan?",
2,"Merasa murung, sedih, atau putus asa",Q2_Ag16,Ag 16,Sinonim,"Seberapa kerap Anda merasa terbebani kesedihan, kemurungan, atau keputusasaan?",
2,"Merasa murung, sedih, atau putus asa",Q2_Ag17,Ag 17,Sinonim,"Dalam kurun waktu ini, seberapa sering Anda merasa sedih, murung, atau putus asa?",
2,"Merasa murung, sedih, atau putus asa",Q2_Ag18,Ag 18,Sinonim,"Seberapa sering Anda merasa sangat tidak bahagia, tertekan, atau tanpa asa?",
2,"Merasa murung, sedih, atau putus asa",Q2_Ag19,Ag 19,Sinonim,"Seberapa kerap Anda merasa nelangsa, dirundung kesedihan, atau putus asa?",
2,"Merasa murung, sedih, atau putus asa",Q2_Ag20,Ag 20,Sinonim,"Seberapa sering Anda merasa sedih mendalam, murung, atau kehilangan harapan?",
3,"Sulit tidur/mudah terbangun, atau terlalu banyak tidur",Q3_Ag1,Ag 1,Interogatif,"Seberapa sering Anda mengalami kesulitan untuk tidur, mudah terbangun di malam hari, atau justru tidur berlebihan?",
3,"Sulit tidur/mudah terbangun, atau terlalu banyak tidur",Q3_Ag2,Ag 2,Interogatif,"Apakah Anda mempunyai masalah dengan pola tidur Anda, seperti susah tidur, sering terjaga, atau tidur lebih lama dari biasanya?",
3,"Sulit tidur/mudah terbangun, atau terlalu banyak tidur",Q3_Ag3,Ag 3,Interogatif,"Dalam beberapa waktu terakhir, seberapa sering Anda mengalami gangguan tidur, misalnya insomnia, sering bangun, atau hipersomnia?",
3,"Sulit tidur/mudah terbangun, atau terlalu banyak tidur",Q3_Ag4,Ag 4,Interogatif,"Seberapa sering Anda merasa sulit untuk terlelap, tidur tidak nyenyak, atau malah tidur dalam durasi yang sangat panjang?",
3,"Sulit tidur/mudah terbangun, atau terlalu banyak tidur",Q3_Ag5,Ag 5,Interogatif,"Pernahkah Anda mengalami kesulitan memulai tidur, tetap tertidur, atau sebaliknya, merasa ingin tidur terus menerus?",
3,"Sulit tidur/mudah terbangun, atau terlalu banyak tidur",Q3_Ag6,Ag 6,Interogatif,"Seberapa sering Anda mendapati diri Anda berjuang untuk tidur, sering terbangun, atau tidur jauh lebih banyak dari kebutuhan?",
3,"Sulit tidur/mudah terbangun, atau terlalu banyak tidur",Q3_Ag7,Ag 7,Interogatif,"Apakah Anda mengalami perubahan dalam kebiasaan tidur Anda, seperti sulit tidur, tidur gelisah, atau tidur terlalu banyak?",
3,"Sulit tidur/mudah terbangun, atau terlalu banyak tidur",Q3_Ag8,Ag 8,Interogatif,"Seberapa sering Anda merasa tidak bisa tidur, tidur terputus-putus, atau justru menghabiskan waktu lebih banyak untuk tidur?",
3,"Sulit tidur/mudah terbangun, atau terlalu banyak tidur",Q3_Ag9,Ag 9,Interogatif,"Dalam periode waktu ini, apakah pola tidur Anda terganggu, dengan kesulitan tidur, sering terjaga, atau tidur berlebihan?",
3,"Sulit tidur/mudah terbangun, atau terlalu banyak tidur",Q3_Ag10,Ag 10,Interogatif,"Seberapa sering Anda merasa kualitas tidur Anda buruk karena susah tidur, sering bangun, atau tidur terlalu pulas dan lama?",
3,"Sulit tidur/mudah terbangun, atau terlalu banyak tidur",Q3_Ag1,Ag 1,Interogatif,"Seberapa sering Anda mengalami kesulitan tidur, sering terbangun, atau justru tidur berlebihan selama dua minggu terakhir?",
3,"Sulit tidur/mudah terbangun, atau terlalu banyak tidur",Q3_Ag2,Ag 2,Interogatif,"Dalam dua minggu terakhir, apakah Anda kerap sulit memulai tidur, terbangun di malam hari, atau malah tidur terlalu lama?",
3,"Sulit tidur/mudah terbangun, atau terlalu banyak tidur",Q3_Ag3,Ag 3,Interogatif,"Apakah selama dua minggu terakhir Anda sering merasa susah tidur, mudah terjaga di tengah malam, atau malah terlalu banyak tidur?",
3,"Sulit tidur/mudah terbangun, atau terlalu banyak tidur",Q3_Ag4,Ag 4,Interogatif,"Seberapa kerap dalam dua minggu terakhir Anda menghadapi gangguan tidur berupa sulit tidur, terbangun terus-menerus, atau tidur berlebihan?",
3,"Sulit tidur/mudah terbangun, atau terlalu banyak tidur",Q3_Ag5,Ag 5,Interogatif,"Selama dua minggu terakhir, seberapa sering Anda merasakan tidur terganggu—entah susah tidur, bangun terus, atau tidur berlebihan?",
3,"Sulit tidur/mudah terbangun, atau terlalu banyak tidur",Q3_Ag6,Ag 6,Interogatif,"Dalam dua minggu terakhir, apakah Anda sering mengalami insomnia, terjaga di malam hari, atau sebaliknya tidur terlalu lama?",
3,"Sulit tidur/mudah terbangun, atau terlalu banyak tidur",Q3_Ag7,Ag 7,Interogatif,"Apakah Anda merasa kerap tidak bisa tidur nyenyak, sering terjaga, atau malah terlalu banyak tidur dalam dua minggu terakhir?",
3,"Sulit tidur/mudah terbangun, atau terlalu banyak tidur",Q3_Ag8,Ag 8,Interogatif,"Seberapa sering dalam dua minggu terakhir Anda mengalami pola tidur yang kacau, seperti susah tidur, terbangun terus, atau tidur berlebih?",
3,"Sulit tidur/mudah terbangun, atau terlalu banyak tidur",Q3_Ag9,Ag 9,Interogatif,"Selama dua minggu terakhir, apakah Anda sering kesulitan mendapatkan tidur yang nyenyak—tidak bisa tidur, sering terbangun, atau terlalu banyak tidur?",
3,"Sulit tidur/mudah terbangun, atau terlalu banyak tidur",Q3_Ag10,Ag 10,Interogatif,"Dalam dua minggu terakhir, seberapa sering Anda merasakan gangguan tidur berupa susah tidur, mudah terbangun, atau tidur terlalu lama?",
3,"Sulit tidur/mudah terbangun, atau terlalu banyak tidur",Q3_Ag1,Ag 1,Interogatif,"Seberapa sering Anda mengalami kesulitan untuk tidur, sering terjaga, atau justru tidur berlebihan?",
3,"Sulit tidur/mudah terbangun, atau terlalu banyak tidur",Q3_Ag2,Ag 2,Interogatif,"Apakah Anda mempunyai masalah tidur seperti susah terlelap, gampang bangun, atau tidur terlalu lama?",
3,"Sulit tidur/mudah terbangun, atau terlalu banyak tidur",Q3_Ag3,Ag 3,Interogatif,"Dalam frekuensi apa Anda mengalami gangguan tidur, entah itu insomnia, sering terjaga, atau hipersomnia?",
3,"Sulit tidur/mudah terbangun, atau terlalu banyak tidur",Q3_Ag4,Ag 4,Interogatif,"Pernahkah Anda merasa sulit untuk memulai tidur, mudah kaget bangun, atau tidur lebih lama dari biasanya?",
3,"Sulit tidur/mudah terbangun, atau terlalu banyak tidur",Q3_Ag5,Ag 5,Interogatif,"Seberapa kerap Anda mendapati diri Anda susah tidur, sering terbangun di malam hari, atau tidur dalam durasi yang sangat panjang?",
3,"Sulit tidur/mudah terbangun, atau terlalu banyak tidur",Q3_Ag6,Ag 6,Interogatif,"Apakah Anda mengalami perubahan pola tidur, seperti kesulitan terlelap, sering terjaga, atau tidur berlebihan?",
3,"Sulit tidur/mudah terbangun, atau terlalu banyak tidur",Q3_Ag7,Ag 7,Interogatif,"Seberapa sering Anda merasa tidak bisa tidur nyenyak, mudah terbangun, atau malah tidur terlalu banyak?",
3,"Sulit tidur/mudah terbangun, atau terlalu banyak tidur",Q3_Ag8,Ag 8,Interogatif,"Adakah waktu di mana Anda mengalami kesulitan untuk tidur, sering terbangun, atau tidur lebih dari kebutuhan?",
3,"Sulit tidur/mudah terbangun, atau terlalu banyak tidur",Q3_Ag9,Ag 9,Interogatif,"Berapa kali Anda mengalami masalah tidur, seperti sukar tidur, sering terjaga, atau tidur berlebihan?",
3,"Sulit tidur/mudah terbangun, atau terlalu banyak tidur",Q3_Ag10,Ag 10,Interogatif,"Apakah Anda sering merasa susah tidur, gampang terjaga dari tidur, atau tidur terlalu banyak?",
3,"Sulit tidur/mudah terbangun, atau terlalu banyak tidur",Q3_Ag11,Ag 11,Sinonim,"Seberapa sering Anda mengalami kesulitan untuk terlelap, sering terjaga di malam hari, atau tidur secara berlebihan?",
3,"Sulit tidur/mudah terbangun, atau terlalu banyak tidur",Q3_Ag12,Ag 12,Sinonim,"Seberapa kerap Anda memiliki masalah dengan tidur, seperti insomnia, sering bangun, atau tidur terlalu panjang?",
3,"Sulit tidur/mudah terbangun, atau terlalu banyak tidur",Q3_Ag13,Ag 13,Sinonim,"Dalam periode waktu tertentu, seberapa sering Anda sulit tidur, mudah terbangun, atau tidur lebih banyak dari biasanya?",
3,"Sulit tidur/mudah terbangun, atau terlalu banyak tidur",Q3_Ag14,Ag 14,Sinonim,"Seberapa sering Anda mengalami gangguan tidur, seperti susah untuk tidur, sering terbangun, atau tidur terlalu lama?",
3,"Sulit tidur/mudah terbangun, atau terlalu banyak tidur",Q3_Ag15,Ag 15,Sinonim,"Seberapa sering Anda merasa kesulitan untuk tidur, mudah terbangun dari tidur, atau tidur dalam jumlah yang berlebihan?",
3,"Sulit tidur/mudah terbangun, atau terlalu banyak tidur",Q3_Ag16,Ag 16,Sinonim,"Seberapa kerap Anda mengalami masalah tidur, seperti tidak bisa tidur, sering terjaga, atau tidur berlebihan?",
3,"Sulit tidur/mudah terbangun, atau terlalu banyak tidur",Q3_Ag17,Ag 17,Sinonim,"Dalam kurun waktu ini, seberapa sering Anda sulit tidur, mudah terbangun, atau tidur terlalu banyak?",
3,"Sulit tidur/mudah terbangun, atau terlalu banyak tidur",Q3_Ag18,Ag 18,Sinonim,"Seberapa sering Anda mendapati pola tidur Anda terganggu, entah susah tidur, sering bangun, atau tidur berlebihan?",
3,"Sulit tidur/mudah terbangun, atau terlalu banyak tidur",Q3_Ag19,Ag 19,Sinonim,"Seberapa kerap Anda merasa kesulitan untuk tidur nyenyak, sering terjaga, atau tidur melebihi batas wajar?",
3,"Sulit tidur/mudah terbangun, atau terlalu banyak tidur",Q3_Ag20,Ag 20,Sinonim,"Seberapa sering Anda mengalami kesulitan tidur, mudah terbangun, atau tidur terlalu lama?",
4,Merasa lelah atau kurang bertenaga,Q4_Ag1,Ag 1,Interogatif,Seberapa sering Anda merasa lelah atau kekurangan energi?,
4,Merasa lelah atau kurang bertenaga,Q4_Ag2,Ag 2,Interogatif,Apakah Anda merasakan kelelahan atau kurangnya tenaga dalam menjalani aktivitas sehari-hari?,
4,Merasa lelah atau kurang bertenaga,Q4_Ag3,Ag 3,Interogatif,"Dalam beberapa waktu terakhir, seberapa sering Anda merasa letih, lesu, atau tidak bertenaga?",
4,Merasa lelah atau kurang bertenaga,Q4_Ag4,Ag 4,Interogatif,"Seberapa sering Anda merasa capai, kurang vitalitas, atau kehilangan semangat?",
4,Merasa lelah atau kurang bertenaga,Q4_Ag5,Ag 5,Interogatif,"Pernahkah Anda merasa sangat lelah atau tidak memiliki cukup energi, bahkan setelah beristirahat?",
4,Merasa lelah atau kurang bertenaga,Q4_Ag6,Ag 6,Interogatif,Seberapa sering Anda mendapati diri Anda merasa kehabisan tenaga atau merasa lemah secara fisik?,
4,Merasa lelah atau kurang bertenaga,Q4_Ag7,Ag 7,Interogatif,"Apakah Anda sering merasa lunglai, tidak berdaya, atau kekurangan stamina?",
4,Merasa lelah atau kurang bertenaga,Q4_Ag8,Ag 8,Interogatif,"Seberapa sering Anda merasa tubuh Anda berat, kurang bersemangat, atau kehilangan energi?",
4,Merasa lelah atau kurang bertenaga,Q4_Ag9,Ag 9,Interogatif,"Dalam periode waktu ini, apakah Anda sering merasa payah, tidak fit, atau kurang berenergi?",
4,Merasa lelah atau kurang bertenaga,Q4_Ag10,Ag 10,Interogatif,Seberapa sering Anda merasa terkuras energinya atau merasa tidak memiliki kekuatan untuk beraktivitas?,
4,Merasa lelah atau kurang bertenaga,Q4_Ag1,Ag 1,Interogatif,Seberapa sering Anda merasa sangat lelah atau kurang memiliki tenaga selama dua minggu terakhir?,
4,Merasa lelah atau kurang bertenaga,Q4_Ag2,Ag 2,Interogatif,"Dalam dua minggu terakhir, apakah Anda kerap kali merasa kelelahan atau seperti daya muka berkurang?",
4,Merasa lelah atau kurang bertenaga,Q4_Ag3,Ag 3,Interogatif,"Apakah selama dua minggu terakhir Anda merasa sering letih, lelah, atau tidak berenergi?",
4,Merasa lelah atau kurang bertenaga,Q4_Ag4,Ag 4,Interogatif,"Seberapa kerap dalam dua minggu terakhir Anda merasa kehilangan tenaga, seperti mudah letih atau lesu?",
4,Merasa lelah atau kurang bertenaga,Q4_Ag5,Ag 5,Interogatif,"Selama dua minggu terakhir, seberapa sering Anda merasakan kelelahan yang berlebihan atau kurang bertenaga?",
4,Merasa lelah atau kurang bertenaga,Q4_Ag6,Ag 6,Interogatif,"Dalam dua minggu terakhir, apakah Anda sering merasa sangat letih atau energi Anda menurun drastis?",
4,Merasa lelah atau kurang bertenaga,Q4_Ag7,Ag 7,Interogatif,"Apakah Anda sering merasa kehabisan tenaga, lesu, atau lelah berkepanjangan selama dua minggu terakhir?",
4,Merasa lelah atau kurang bertenaga,Q4_Ag8,Ag 8,Interogatif,"Seberapa sering dalam dua minggu terakhir Anda mengalami penurunan energi, seperti mudah lelah atau merasa lesu?",
4,Merasa lelah atau kurang bertenaga,Q4_Ag9,Ag 9,Interogatif,"Selama dua minggu terakhir, apakah Anda sering merasa tidak bertenaga, cepat lelah, atau lesu?",
4,Merasa lelah atau kurang bertenaga,Q4_Ag10,Ag 10,Interogatif,"Dalam dua minggu terakhir, seberapa sering Anda merasakan tenaga yang hilang, seperti sering merasa lelah atau lemas?",
4,Merasa lelah atau kurang bertenaga,Q4_Ag1,Ag 1,Interogatif,Seberapa sering Anda merasa letih atau kekurangan energi?,
4,Merasa lelah atau kurang bertenaga,Q4_Ag2,Ag 2,Interogatif,Apakah Anda mengalami perasaan capek atau tidak memiliki cukup tenaga?,
4,Merasa lelah atau kurang bertenaga,Q4_Ag3,Ag 3,Interogatif,Dalam frekuensi apa Anda merasa lesu atau kehilangan daya?,
4,Merasa lelah atau kurang bertenaga,Q4_Ag4,Ag 4,Interogatif,Pernahkah Anda merasa sangat lelah atau tidak bertenaga sama sekali?,
4,Merasa lelah atau kurang bertenaga,Q4_Ag5,Ag 5,Interogatif,Seberapa kerap Anda merasa kehabisan energi atau merasa lunglai?,
4,Merasa lelah atau kurang bertenaga,Q4_Ag6,Ag 6,Interogatif,Apakah Anda mendapati diri Anda sering merasa payah atau kurang bersemangat karena lelah?,
4,Merasa lelah atau kurang bertenaga,Q4_Ag7,Ag 7,Interogatif,Seberapa sering Anda merasa badan terasa berat atau tidak ada tenaga untuk beraktivitas?,
4,Merasa lelah atau kurang bertenaga,Q4_Ag8,Ag 8,Interogatif,Adakah waktu di mana Anda merasa sangat lelah atau kekurangan energi yang signifikan?,
4,Merasa lelah atau kurang bertenaga,Q4_Ag9,Ag 9,Interogatif,Berapa kali Anda merasakan kelelahan atau ketiadaan tenaga?,
4,Merasa lelah atau kurang bertenaga,Q4_Ag10,Ag 10,Interogatif,Apakah Anda sering merasa capai atau tidak punya cukup energi?,
4,Merasa lelah atau kurang bertenaga,Q4_Ag11,Ag 11,Sinonim,Seberapa sering Anda merasa kehabisan stamina atau kurang vitalitas?,
4,Merasa lelah atau kurang bertenaga,Q4_Ag12,Ag 12,Sinonim,Seberapa kerap Anda merasa letih lesu atau tidak memiliki cukup energi?,
4,Merasa lelah atau kurang bertenaga,Q4_Ag13,Ag 13,Sinonim,"Dalam periode waktu tertentu, seberapa sering Anda merasa lelah atau tidak bertenaga?",
4,Merasa lelah atau kurang bertenaga,Q4_Ag14,Ag 14,Sinonim,Seberapa sering Anda mengalami perasaan penat atau kurangnya tenaga?,
4,Merasa lelah atau kurang bertenaga,Q4_Ag15,Ag 15,Sinonim,Seberapa sering Anda merasa lemah atau tidak memiliki cukup energi?,
4,Merasa lelah atau kurang bertenaga,Q4_Ag16,Ag 16,Sinonim,Seberapa kerap Anda merasa teramat lelah atau kurangnya daya untuk beraktivitas?,
4,Merasa lelah atau kurang bertenaga,Q4_Ag17,Ag 17,Sinonim,"Dalam kurun waktu ini, seberapa sering Anda merasa lelah atau kurang energi?",
4,Merasa lelah atau kurang bertenaga,Q4_Ag18,Ag 18,Sinonim,Seberapa sering Anda merasa sangat capek atau tidak memiliki tenaga?,
4,Merasa lelah atau kurang bertenaga,Q4_Ag19,Ag 19,Sinonim,Seberapa kerap Anda merasa lesu dan tidak bertenaga?,
4,Merasa lelah atau kurang bertenaga,Q4_Ag20,Ag 20,Sinonim,Seberapa sering Anda merasa lelah atau kurang berdaya?,
5,Kurang nafsu makan atau terlalu banyak makan,Q5_Ag1,Ag 1,Interogatif,Seberapa sering Anda mengalami kurang nafsu makan atau justru makan berlebihan?,
5,Kurang nafsu makan atau terlalu banyak makan,Q5_Ag2,Ag 2,Interogatif,"Apakah Anda merasakan perubahan dalam selera makan Anda, seperti tidak ingin makan atau makan lebih banyak dari biasanya?",
5,Kurang nafsu makan atau terlalu banyak makan,Q5_Ag3,Ag 3,Interogatif,"Dalam beberapa waktu terakhir, seberapa sering Anda kehilangan keinginan untuk makan atau sebaliknya, makan dalam porsi yang sangat besar?",
5,Kurang nafsu makan atau terlalu banyak makan,Q5_Ag4,Ag 4,Interogatif,Seberapa sering Anda merasa tidak lapar atau justru memiliki keinginan makan yang tidak terkontrol?,
5,Kurang nafsu makan atau terlalu banyak makan,Q5_Ag5,Ag 5,Interogatif,Pernahkah Anda mengalami penurunan nafsu makan atau peningkatan nafsu makan yang signifikan?,
5,Kurang nafsu makan atau terlalu banyak makan,Q5_Ag6,Ag 6,Interogatif,Seberapa sering Anda mendapati diri Anda makan sangat sedikit atau makan jauh lebih banyak dari kebiasaan?,
5,Kurang nafsu makan atau terlalu banyak makan,Q5_Ag7,Ag 7,Interogatif,"Apakah pola makan Anda berubah, dengan hilangnya selera makan atau kecenderungan untuk makan berlebih?",
5,Kurang nafsu makan atau terlalu banyak makan,Q5_Ag8,Ag 8,Interogatif,Seberapa sering Anda merasa enggan untuk makan atau justru sulit berhenti makan?,
5,Kurang nafsu makan atau terlalu banyak makan,Q5_Ag9,Ag 9,Interogatif,"Dalam periode waktu ini, apakah Anda sering kehilangan nafsu makan atau makan secara berlebihan?",
5,Kurang nafsu makan atau terlalu banyak makan,Q5_Ag10,Ag 10,Interogatif,Seberapa sering Anda merasa tidak berselera untuk makan atau justru selalu merasa lapar dan ingin makan terus?,
5,Kurang nafsu makan atau terlalu banyak makan,Q5_Ag1,Ag 1,Interogatif,Seberapa sering Anda mengalami kurang nafsu makan atau sebaliknya makan berlebihan selama dua minggu terakhir?,
5,Kurang nafsu makan atau terlalu banyak makan,Q5_Ag2,Ag 2,Interogatif,"Dalam dua minggu terakhir, apakah Anda kerap merasa kehilangan selera makan atau malah makan terlalu banyak?",
5,Kurang nafsu makan atau terlalu banyak makan,Q5_Ag3,Ag 3,Interogatif,Apakah selama dua minggu terakhir Anda sering merasa tidak ingin makan sama sekali atau justru makan berlebih?,
5,Kurang nafsu makan atau terlalu banyak makan,Q5_Ag4,Ag 4,Interogatif,Seberapa kerap dalam dua minggu terakhir Anda mengalami perubahan nafsu makan—entah menurun drastis atau meningkat berlebihan?,
5,Kurang nafsu makan atau terlalu banyak makan,Q5_Ag5,Ag 5,Interogatif,"Selama dua minggu terakhir, seberapa sering Anda merasakan nafsu makan yang berkurang atau sebaliknya terlalu tinggi?",
5,Kurang nafsu makan atau terlalu banyak makan,Q5_Ag6,Ag 6,Interogatif,"Dalam dua minggu terakhir, apakah Anda sering merasa tidak lapar atau justru makan lebih banyak dari biasanya?",
5,Kurang nafsu makan atau terlalu banyak makan,Q5_Ag7,Ag 7,Interogatif,Apakah Anda sering mengalami penurunan selera makan atau kecenderungan makan berlebih selama dua minggu terakhir?,
5,Kurang nafsu makan atau terlalu banyak makan,Q5_Ag8,Ag 8,Interogatif,Seberapa sering dalam dua minggu terakhir Anda merasa nafsu makan Anda menurun atau meningkat secara drastis?,
5,Kurang nafsu makan atau terlalu banyak makan,Q5_Ag9,Ag 9,Interogatif,"Selama dua minggu terakhir, apakah Anda merasakan selera makan yang sangat rendah atau sebaliknya nafsu makan yang berlebihan?",
5,Kurang nafsu makan atau terlalu banyak makan,Q5_Ag10,Ag 10,Interogatif,"Dalam dua minggu terakhir, seberapa sering Anda mengalami kondisi kurang nafsu makan atau makan terlalu banyak?",
5,Kurang nafsu makan atau terlalu banyak makan,Q5_Ag1,Ag 1,Interogatif,Seberapa sering Anda mengalami penurunan selera makan atau justru makan secara berlebihan?,
5,Kurang nafsu makan atau terlalu banyak makan,Q5_Ag2,Ag 2,Interogatif,"Apakah Anda mempunyai perubahan dalam pola makan, seperti tidak ingin makan atau makan terlalu banyak?",
5,Kurang nafsu makan atau terlalu banyak makan,Q5_Ag3,Ag 3,Interogatif,"Dalam frekuensi apa Anda kehilangan nafsu makan atau sebaliknya, makan dalam porsi besar?",
5,Kurang nafsu makan atau terlalu banyak makan,Q5_Ag4,Ag 4,Interogatif,Pernahkah Anda merasa tidak berselera makan atau justru makan lebih banyak dari biasanya?,
5,Kurang nafsu makan atau terlalu banyak makan,Q5_Ag5,Ag 5,Interogatif,Seberapa kerap Anda mendapati diri Anda kurang ingin makan atau makan berlebihan?,
5,Kurang nafsu makan atau terlalu banyak makan,Q5_Ag6,Ag 6,Interogatif,"Apakah Anda mengalami perubahan selera makan, seperti tidak ada keinginan makan atau makan terlalu banyak?",
5,Kurang nafsu makan atau terlalu banyak makan,Q5_Ag7,Ag 7,Interogatif,Seberapa sering Anda merasa tidak lapar atau malah makan terus-menerus?,
5,Kurang nafsu makan atau terlalu banyak makan,Q5_Ag8,Ag 8,Interogatif,Adakah waktu di mana Anda kehilangan nafsu makan atau makan dalam jumlah yang tidak terkontrol?,
5,Kurang nafsu makan atau terlalu banyak makan,Q5_Ag9,Ag 9,Interogatif,"Berapa kali Anda mengalami masalah dengan nafsu makan, entah itu berkurang atau berlebih?",
5,Kurang nafsu makan atau terlalu banyak makan,Q5_Ag10,Ag 10,Interogatif,Apakah Anda sering merasa tidak ingin makan atau makan terlalu banyak dari biasanya?,
5,Kurang nafsu makan atau terlalu banyak makan,Q5_Ag11,Ag 11,Sinonim,Seberapa sering Anda merasa kurang berselera untuk makan atau justru makan dalam jumlah yang berlebih?,
5,Kurang nafsu makan atau terlalu banyak makan,Q5_Ag12,Ag 12,Sinonim,"Seberapa kerap Anda mengalami perubahan dalam keinginan makan, seperti tidak lapar atau makan berlebihan?",
5,Kurang nafsu makan atau terlalu banyak makan,Q5_Ag13,Ag 13,Sinonim,"Dalam periode waktu tertentu, seberapa sering Anda kurang nafsu makan atau makan terlalu banyak?",
5,Kurang nafsu makan atau terlalu banyak makan,Q5_Ag14,Ag 14,Sinonim,Seberapa sering Anda mengalami penurunan keinginan makan atau makan secara berlebihan?,
5,Kurang nafsu makan atau terlalu banyak makan,Q5_Ag15,Ag 15,Sinonim,Seberapa sering Anda merasa tidak ada selera makan atau makan lebih dari cukup?,
5,Kurang nafsu makan atau terlalu banyak makan,Q5_Ag16,Ag 16,Sinonim,Seberapa kerap Anda mendapati diri Anda tidak ingin makan atau makan terus menerus?,
5,Kurang nafsu makan atau terlalu banyak makan,Q5_Ag17,Ag 17,Sinonim,"Dalam kurun waktu ini, seberapa sering Anda kurang nafsu makan atau makan berlebihan?",
5,Kurang nafsu makan atau terlalu banyak makan,Q5_Ag18,Ag 18,Sinonim,Seberapa sering Anda merasa tidak berminat pada makanan atau makan terlalu banyak?,
5,Kurang nafsu makan atau terlalu banyak makan,Q5_Ag19,Ag 19,Sinonim,Seberapa kerap Anda kehilangan selera makan atau makan dalam porsi yang sangat banyak?,
5,Kurang nafsu makan atau terlalu banyak makan,Q5_Ag20,Ag 20,Sinonim,Seberapa sering Anda merasa tidak lapar atau justru makan berlebihan?,
6,Kurang percaya diri — atau merasa bahwa Anda adalah orang yang gagal atau telah mengecewakan diri sendiri atau keluarga,Q6_Ag1,Ag 1,Interogatif,"Seberapa sering Anda merasa kurang percaya diri, atau merasa sebagai orang yang gagal, atau telah mengecewakan diri sendiri maupun keluarga?",
6,Kurang percaya diri — atau merasa bahwa Anda adalah orang yang gagal atau telah mengecewakan diri sendiri atau keluarga,Q6_Ag2,Ag 2,Interogatif,"Apakah Anda mengalami penurunan rasa percaya diri, atau perasaan bahwa Anda telah gagal atau mengecewakan orang terdekat?",
6,Kurang percaya diri — atau merasa bahwa Anda adalah orang yang gagal atau telah mengecewakan diri sendiri atau keluarga,Q6_Ag3,Ag 3,Interogatif,"Dalam beberapa waktu terakhir, seberapa sering Anda merasa minder, tidak berharga, atau merasa telah mengecewakan diri sendiri atau orang yang Anda sayangi?",
6,Kurang percaya diri — atau merasa bahwa Anda adalah orang yang gagal atau telah mengecewakan diri sendiri atau keluarga,Q6_Ag4,Ag 4,Interogatif,"Seberapa sering Anda merasa rendah diri, atau menganggap diri Anda tidak berhasil, atau telah membuat diri sendiri atau keluarga kecewa?",
6,Kurang percaya diri — atau merasa bahwa Anda adalah orang yang gagal atau telah mengecewakan diri sendiri atau keluarga,Q6_Ag5,Ag 5,Interogatif,"Pernahkah Anda merasa tidak yakin dengan kemampuan diri sendiri, atau merasa sebagai pecundang, atau merasa telah mengecewakan harapan diri atau keluarga?",
6,Kurang percaya diri — atau merasa bahwa Anda adalah orang yang gagal atau telah mengecewakan diri sendiri atau keluarga,Q6_Ag6,Ag 6,Interogatif,"Seberapa sering Anda mendapati diri Anda meragukan diri sendiri, merasa gagal dalam hidup, atau merasa telah mengecewakan orang-orang penting bagi Anda?",
6,Kurang percaya diri — atau merasa bahwa Anda adalah orang yang gagal atau telah mengecewakan diri sendiri atau keluarga,Q6_Ag7,Ag 7,Interogatif,"Apakah Anda sering merasa inferior, tidak kompeten, atau merasa telah mengecewakan standar diri sendiri atau ekspektasi keluarga?",
6,Kurang percaya diri — atau merasa bahwa Anda adalah orang yang gagal atau telah mengecewakan diri sendiri atau keluarga,Q6_Ag8,Ag 8,Interogatif,"Seberapa sering Anda merasa tidak cukup baik, atau merasa sebagai seseorang yang tidak sukses, atau merasa telah mengecewakan diri atau keluarga Anda?",
6,Kurang percaya diri — atau merasa bahwa Anda adalah orang yang gagal atau telah mengecewakan diri sendiri atau keluarga,Q6_Ag9,Ag 9,Interogatif,"Dalam periode waktu ini, apakah Anda sering merasa kurang harga diri, merasa gagal, atau merasa telah mengecewakan diri dan keluarga?",
6,Kurang percaya diri — atau merasa bahwa Anda adalah orang yang gagal atau telah mengecewakan diri sendiri atau keluarga,Q6_Ag10,Ag 10,Interogatif,"Seberapa sering Anda merasa tidak mampu, atau merasa telah gagal mencapai sesuatu, atau merasa telah menjadi sumber kekecewaan bagi diri sendiri atau keluarga?",
6,Kurang percaya diri — atau merasa bahwa Anda adalah orang yang gagal atau telah mengecewakan diri sendiri atau keluarga,Q6_Ag1,Ag 1,Interogatif,Seberapa sering Anda merasa kurang percaya diri atau seakan-akan Anda gagal dan mengecewakan diri sendiri atau keluarga selama dua minggu terakhir?,
6,Kurang percaya diri — atau merasa bahwa Anda adalah orang yang gagal atau telah mengecewakan diri sendiri atau keluarga,Q6_Ag2,Ag 2,Interogatif,"Dalam dua minggu terakhir, apakah Anda sering meragukan diri sendiri hingga terasa seperti Anda gagal atau mengecewakan orang di sekitar?",
6,Kurang percaya diri — atau merasa bahwa Anda adalah orang yang gagal atau telah mengecewakan diri sendiri atau keluarga,Q6_Ag3,Ag 3,Interogatif,"Apakah selama dua minggu terakhir Anda kerap merasa percaya diri menurun, seperti merasa gagal dan mengecewakan keluarga atau diri sendiri?",
6,Kurang percaya diri — atau merasa bahwa Anda adalah orang yang gagal atau telah mengecewakan diri sendiri atau keluarga,Q6_Ag4,Ag 4,Interogatif,"Seberapa kerap dalam dua minggu terakhir Anda mengalami perasaan tidak percaya diri, seakan menjadi beban atau gagal bagi diri dan keluarga?",
6,Kurang percaya diri — atau merasa bahwa Anda adalah orang yang gagal atau telah mengecewakan diri sendiri atau keluarga,Q6_Ag5,Ag 5,Interogatif,"Selama dua minggu terakhir, seberapa sering Anda merasa diri Anda gagal atau merasa tidak berharga sehingga mengecewakan keluarga?",
6,Kurang percaya diri — atau merasa bahwa Anda adalah orang yang gagal atau telah mengecewakan diri sendiri atau keluarga,Q6_Ag6,Ag 6,Interogatif,"Dalam dua minggu terakhir, apakah Anda sering merasa kurang percaya diri, seperti merasa Anda adalah orang yang gagal dan mengecewakan diri sendiri atau keluarga?",
6,Kurang percaya diri — atau merasa bahwa Anda adalah orang yang gagal atau telah mengecewakan diri sendiri atau keluarga,Q6_Ag7,Ag 7,Interogatif,"Apakah Anda kerap merasa minder, seakan-akan Anda telah gagal dan menyusahkan keluarga selama dua minggu terakhir?",
6,Kurang percaya diri — atau merasa bahwa Anda adalah orang yang gagal atau telah mengecewakan diri sendiri atau keluarga,Q6_Ag8,Ag 8,Interogatif,Seberapa sering dalam dua minggu terakhir Anda merasakan ketidakpercayaan diri yang membuat Anda merasa gagal atau mengecewakan orang terdekat?,
6,Kurang percaya diri — atau merasa bahwa Anda adalah orang yang gagal atau telah mengecewakan diri sendiri atau keluarga,Q6_Ag9,Ag 9,Interogatif,"Selama dua minggu terakhir, apakah Anda sering mengalami perasaan gagal atau tidak berharga sehingga mengecewakan diri sendiri atau keluarga?",
6,Kurang percaya diri — atau merasa bahwa Anda adalah orang yang gagal atau telah mengecewakan diri sendiri atau keluarga,Q6_Ag10,Ag 10,Interogatif,"Dalam dua minggu terakhir, seberapa sering Anda merasa kurang yakin pada diri sendiri dan seakan menjadi beban bagi keluarga karena kegagalan?",
6,Kurang percaya diri — atau merasa bahwa Anda adalah orang yang gagal atau telah mengecewakan diri sendiri atau keluarga,Q6_Ag1,Ag 1,Interogatif,"Seberapa sering Anda merasa kurang percaya diri, atau merasa sebagai seorang yang gagal, atau merasa telah mengecewakan diri sendiri atau keluarga?",
6,Kurang percaya diri — atau merasa bahwa Anda adalah orang yang gagal atau telah mengecewakan diri sendiri atau keluarga,Q6_Ag2,Ag 2,Interogatif,"Apakah Anda mengalami perasaan tidak percaya diri, atau merasa bahwa Anda telah gagal, atau merasa telah membuat diri sendiri atau keluarga kecewa?",
6,Kurang percaya diri — atau merasa bahwa Anda adalah orang yang gagal atau telah mengecewakan diri sendiri atau keluarga,Q6_Ag3,Ag 3,Interogatif,"Dalam frekuensi apa Anda merasa minder, atau merasa sebagai pecundang, atau merasa telah mengecewakan orang terdekat?",
6,Kurang percaya diri — atau merasa bahwa Anda adalah orang yang gagal atau telah mengecewakan diri sendiri atau keluarga,Q6_Ag4,Ag 4,Interogatif,"Pernahkah Anda merasa tidak yakin pada kemampuan diri, atau merasa gagal dalam hidup, atau merasa telah mengecewakan diri atau keluarga?",
6,Kurang percaya diri — atau merasa bahwa Anda adalah orang yang gagal atau telah mengecewakan diri sendiri atau keluarga,Q6_Ag5,Ag 5,Interogatif,"Seberapa kerap Anda merasa rendah diri, atau merasa bahwa Anda adalah kegagalan, atau merasa telah mengecewakan orang yang Anda sayangi?",
6,Kurang percaya diri — atau merasa bahwa Anda adalah orang yang gagal atau telah mengecewakan diri sendiri atau keluarga,Q6_Ag6,Ag 6,Interogatif,"Apakah Anda mendapati diri Anda sering merasa tidak berharga, atau merasa gagal, atau merasa telah mengecewakan ekspektasi diri atau keluarga?",
6,Kurang percaya diri — atau merasa bahwa Anda adalah orang yang gagal atau telah mengecewakan diri sendiri atau keluarga,Q6_Ag7,Ag 7,Interogatif,"Seberapa sering Anda merasa tidak memiliki kepercayaan diri, atau merasa diri Anda tidak berguna, atau merasa telah menyakiti perasaan diri sendiri atau keluarga?",
6,Kurang percaya diri — atau merasa bahwa Anda adalah orang yang gagal atau telah mengecewakan diri sendiri atau keluarga,Q6_Ag8,Ag 8,Interogatif,"Adakah waktu di mana Anda merasa sangat kurang percaya diri, atau merasa sebagai orang gagal, atau merasa telah mengecewakan diri sendiri atau keluarga?",
6,Kurang percaya diri — atau merasa bahwa Anda adalah orang yang gagal atau telah mengecewakan diri sendiri atau keluarga,Q6_Ag9,Ag 9,Interogatif,"Berapa kali Anda merasakan ketiadaan percaya diri, atau perasaan gagal, atau perasaan telah mengecewakan diri atau keluarga?",
6,Kurang percaya diri — atau merasa bahwa Anda adalah orang yang gagal atau telah mengecewakan diri sendiri atau keluarga,Q6_Ag10,Ag 10,Interogatif,"Apakah Anda sering merasa tidak pede, atau merasa diri Anda adalah sebuah kegagalan, atau merasa telah mengecewakan diri atau keluarga Anda?",
6,Kurang percaya diri — atau merasa bahwa Anda adalah orang yang gagal atau telah mengecewakan diri sendiri atau keluarga,Q6_Ag11,Ag 11,Sinonim,"Seberapa sering Anda merasa ragu akan diri sendiri, atau merasa sebagai seorang yang tidak berhasil, atau merasa telah mengecewakan diri sendiri atau keluarga?",
6,Kurang percaya diri — atau merasa bahwa Anda adalah orang yang gagal atau telah mengecewakan diri sendiri atau keluarga,Q6_Ag12,Ag 12,Sinonim,"Seberapa kerap Anda merasa inferior, atau merasa bahwa Anda adalah seorang yang gagal, atau merasa telah mengecewakan diri Anda atau keluarga?",
6,Kurang percaya diri — atau merasa bahwa Anda adalah orang yang gagal atau telah mengecewakan diri sendiri atau keluarga,Q6_Ag13,Ag 13,Sinonim,"Dalam periode waktu tertentu, seberapa sering Anda kurang percaya diri, atau merasa gagal, atau merasa telah mengecewakan diri sendiri atau keluarga?",
6,Kurang percaya diri — atau merasa bahwa Anda adalah orang yang gagal atau telah mengecewakan diri sendiri atau keluarga,Q6_Ag14,Ag 14,Sinonim,"Seberapa sering Anda mengalami perasaan tidak mampu, atau merasa sebagai orang yang gagal, atau merasa telah mengecewakan diri atau keluarga?",
6,Kurang percaya diri — atau merasa bahwa Anda adalah orang yang gagal atau telah mengecewakan diri sendiri atau keluarga,Q6_Ag15,Ag 15,Sinonim,"Seberapa sering Anda merasa tidak yakin dengan diri sendiri, atau merasa gagal, atau merasa telah mengecewakan diri sendiri atau keluarga Anda?",
6,Kurang percaya diri — atau merasa bahwa Anda adalah orang yang gagal atau telah mengecewakan diri sendiri atau keluarga,Q6_Ag16,Ag 16,Sinonim,"Seberapa kerap Anda merasa tidak berharga, atau merasa diri Anda adalah suatu kegagalan, atau merasa telah mengecewakan diri atau keluarga?",
6,Kurang percaya diri — atau merasa bahwa Anda adalah orang yang gagal atau telah mengecewakan diri sendiri atau keluarga,Q6_Ag17,Ag 17,Sinonim,"Dalam kurun waktu ini, seberapa sering Anda merasa kurang percaya diri, atau merasa gagal, atau merasa telah mengecewakan diri sendiri atau keluarga?",
6,Kurang percaya diri — atau merasa bahwa Anda adalah orang yang gagal atau telah mengecewakan diri sendiri atau keluarga,Q6_Ag18,Ag 18,Sinonim,"Seberapa sering Anda merasa rendah diri, atau merasa bahwa Anda gagal, atau merasa telah mengecewakan diri sendiri atau keluarga?",
6,Kurang percaya diri — atau merasa bahwa Anda adalah orang yang gagal atau telah mengecewakan diri sendiri atau keluarga,Q6_Ag19,Ag 19,Sinonim,"Seberapa kerap Anda merasa tidak percaya pada kemampuan Anda, atau merasa sebagai orang yang gagal, atau merasa telah mengecewakan diri atau keluarga?",
6,Kurang percaya diri — atau merasa bahwa Anda adalah orang yang gagal atau telah mengecewakan diri sendiri atau keluarga,Q6_Ag20,Ag 20,Sinonim,"Seberapa sering Anda merasa kurang percaya diri, atau merasa bahwa Anda gagal, atau merasa telah mengecewakan diri sendiri atau keluarga?",
7,"Sulit berkonsentrasi pada sesuatu, misalnya membaca koran atau menonton televisi",Q7_Ag1,Ag 1,Interogatif,"Seberapa sering Anda mengalami kesulitan untuk berkonsentrasi pada sesuatu, seperti membaca koran atau menonton televisi?",
7,"Sulit berkonsentrasi pada sesuatu, misalnya membaca koran atau menonton televisi",Q7_Ag2,Ag 2,Interogatif,Apakah Anda merasa sulit untuk memusatkan perhatian pada aktivitas seperti membaca atau menonton TV?,
7,"Sulit berkonsentrasi pada sesuatu, misalnya membaca koran atau menonton televisi",Q7_Ag3,Ag 3,Interogatif,"Dalam beberapa waktu terakhir, seberapa sering Anda kesulitan fokus saat melakukan kegiatan yang membutuhkan konsentrasi, contohnya membaca atau menyaksikan tayangan?",
7,"Sulit berkonsentrasi pada sesuatu, misalnya membaca koran atau menonton televisi",Q7_Ag4,Ag 4,Interogatif,"Seberapa sering Anda merasa pikiran Anda mudah teralih sehingga sulit berkonsentrasi, misalnya saat membaca atau menonton?",
7,"Sulit berkonsentrasi pada sesuatu, misalnya membaca koran atau menonton televisi",Q7_Ag5,Ag 5,Interogatif,Pernahkah Anda mengalami masalah dalam mempertahankan konsentrasi pada tugas-tugas sederhana seperti membaca artikel atau mengikuti alur cerita di televisi?,
7,"Sulit berkonsentrasi pada sesuatu, misalnya membaca koran atau menonton televisi",Q7_Ag6,Ag 6,Interogatif,Seberapa sering Anda mendapati diri Anda tidak bisa fokus atau perhatian Anda buyar ketika mencoba membaca atau menonton sesuatu?,
7,"Sulit berkonsentrasi pada sesuatu, misalnya membaca koran atau menonton televisi",Q7_Ag7,Ag 7,Interogatif,"Apakah Anda sering merasa sulit untuk memusatkan pikiran, misalnya ketika membaca berita atau menikmati program televisi?",
7,"Sulit berkonsentrasi pada sesuatu, misalnya membaca koran atau menonton televisi",Q7_Ag8,Ag 8,Interogatif,Seberapa sering Anda mengalami gangguan konsentrasi sehingga aktivitas seperti membaca atau menonton TV menjadi sulit?,
7,"Sulit berkonsentrasi pada sesuatu, misalnya membaca koran atau menonton televisi",Q7_Ag9,Ag 9,Interogatif,"Dalam periode waktu ini, apakah Anda sering merasa sulit untuk fokus pada hal-hal seperti membaca atau menonton televisi?",
7,"Sulit berkonsentrasi pada sesuatu, misalnya membaca koran atau menonton televisi",Q7_Ag10,Ag 10,Interogatif,"Seberapa sering Anda merasa daya konsentrasi Anda menurun, sehingga sulit untuk menyerap informasi dari bacaan atau tontonan?",
7,"Sulit berkonsentrasi pada sesuatu, misalnya membaca koran atau menonton televisi",Q7_Ag1,Ag 1,Interogatif,Seberapa sering Anda merasa sulit berkonsentrasi pada suatu hal seperti membaca koran atau menonton televisi selama dua minggu terakhir?,
7,"Sulit berkonsentrasi pada sesuatu, misalnya membaca koran atau menonton televisi",Q7_Ag2,Ag 2,Interogatif,"Dalam dua minggu terakhir, apakah Anda sering mengalami kesulitan memfokuskan perhatian saat membaca koran atau menonton televisi?",
7,"Sulit berkonsentrasi pada sesuatu, misalnya membaca koran atau menonton televisi",Q7_Ag3,Ag 3,Interogatif,Apakah selama dua minggu terakhir Anda kerap merasa susah untuk fokus pada kegiatan seperti membaca koran atau menonton televisi?,
7,"Sulit berkonsentrasi pada sesuatu, misalnya membaca koran atau menonton televisi",Q7_Ag4,Ag 4,Interogatif,Seberapa kerap dalam dua minggu terakhir Anda menghadapi gangguan konsentrasi saat melakukan hal-hal seperti membaca koran atau menonton televisi?,
7,"Sulit berkonsentrasi pada sesuatu, misalnya membaca koran atau menonton televisi",Q7_Ag5,Ag 5,Interogatif,"Selama dua minggu terakhir, seberapa sering Anda merasakan kesulitan memusatkan perhatian saat membaca koran atau menonton televisi?",
7,"Sulit berkonsentrasi pada sesuatu, misalnya membaca koran atau menonton televisi",Q7_Ag6,Ag 6,Interogatif,"Dalam dua minggu terakhir, apakah Anda sering merasa terganggu sehingga sulit konsentrasi saat membaca koran atau menonton televisi?",
7,"Sulit berkonsentrasi pada sesuatu, misalnya membaca koran atau menonton televisi",Q7_Ag7,Ag 7,Interogatif,Apakah Anda sering merasa pikiran Anda mudah terdistraksi sehingga sulit fokus membaca koran atau menonton televisi dalam dua minggu terakhir?,
7,"Sulit berkonsentrasi pada sesuatu, misalnya membaca koran atau menonton televisi",Q7_Ag8,Ag 8,Interogatif,Seberapa sering dalam dua minggu terakhir Anda mengalami kesulitan mempertahankan fokus pada aktivitas seperti membaca koran atau menonton televisi?,
7,"Sulit berkonsentrasi pada sesuatu, misalnya membaca koran atau menonton televisi",Q7_Ag9,Ag 9,Interogatif,"Selama dua minggu terakhir, apakah Anda merasakan tidak mampu berkonsentrasi pada hal-hal seperti membaca koran atau menonton televisi?",
7,"Sulit berkonsentrasi pada sesuatu, misalnya membaca koran atau menonton televisi",Q7_Ag10,Ag 10,Interogatif,"Dalam dua minggu terakhir, seberapa sering Anda merasa gagal untuk fokus saat membaca koran atau menonton televisi?",
7,"Sulit berkonsentrasi pada sesuatu, misalnya membaca koran atau menonton televisi",Q7_Ag1,Ag 1,Interogatif,"Seberapa sering Anda mengalami kesulitan untuk memusatkan perhatian pada sesuatu, seperti membaca koran atau menonton televisi?",
7,"Sulit berkonsentrasi pada sesuatu, misalnya membaca koran atau menonton televisi",Q7_Ag2,Ag 2,Interogatif,"Apakah Anda mempunyai masalah dalam menjaga fokus pada aktivitas tertentu, contohnya membaca atau menonton TV?",
7,"Sulit berkonsentrasi pada sesuatu, misalnya membaca koran atau menonton televisi",Q7_Ag3,Ag 3,Interogatif,"Dalam frekuensi apa Anda merasa sulit untuk berkonsentrasi, misalnya ketika membaca atau menonton televisi?",
7,"Sulit berkonsentrasi pada sesuatu, misalnya membaca koran atau menonton televisi",Q7_Ag4,Ag 4,Interogatif,Pernahkah Anda merasa susah untuk fokus pada hal-hal seperti membaca atau menonton televisi?,
7,"Sulit berkonsentrasi pada sesuatu, misalnya membaca koran atau menonton televisi",Q7_Ag5,Ag 5,Interogatif,Seberapa kerap Anda mendapati diri Anda sulit memusatkan pikiran saat membaca koran atau menonton televisi?,
7,"Sulit berkonsentrasi pada sesuatu, misalnya membaca koran atau menonton televisi",Q7_Ag6,Ag 6,Interogatif,Apakah Anda mengalami gangguan konsentrasi ketika melakukan kegiatan seperti membaca atau menonton televisi?,
7,"Sulit berkonsentrasi pada sesuatu, misalnya membaca koran atau menonton televisi",Q7_Ag7,Ag 7,Interogatif,Seberapa sering Anda merasa pikiran Anda buyar saat mencoba berkonsentrasi pada bacaan atau tontonan televisi?,
7,"Sulit berkonsentrasi pada sesuatu, misalnya membaca koran atau menonton televisi",Q7_Ag8,Ag 8,Interogatif,Adakah waktu di mana Anda merasa sangat sulit untuk berkonsentrasi pada aktivitas seperti membaca atau menonton televisi?,
7,"Sulit berkonsentrasi pada sesuatu, misalnya membaca koran atau menonton televisi",Q7_Ag9,Ag 9,Interogatif,"Berapa kali Anda mengalami kesulitan fokus pada sesuatu, seperti membaca koran atau menonton televisi?",
7,"Sulit berkonsentrasi pada sesuatu, misalnya membaca koran atau menonton televisi",Q7_Ag10,Ag 10,Interogatif,Apakah Anda sering merasa susah berkonsentrasi saat membaca atau menonton televisi?,
7,"Sulit berkonsentrasi pada sesuatu, misalnya membaca koran atau menonton televisi",Q7_Ag11,Ag 11,Sinonim,Seberapa sering Anda merasa sulit untuk memfokuskan pikiran pada aktivitas seperti membaca koran atau menonton televisi?,
7,"Sulit berkonsentrasi pada sesuatu, misalnya membaca koran atau menonton televisi",Q7_Ag12,Ag 12,Sinonim,"Seberapa kerap Anda mengalami kesulitan dalam mempertahankan konsentrasi, misalnya saat membaca atau menonton televisi?",
7,"Sulit berkonsentrasi pada sesuatu, misalnya membaca koran atau menonton televisi",Q7_Ag13,Ag 13,Sinonim,"Dalam periode waktu tertentu, seberapa sering Anda sulit berkonsentrasi pada hal seperti membaca koran atau menonton televisi?",
7,"Sulit berkonsentrasi pada sesuatu, misalnya membaca koran atau menonton televisi",Q7_Ag14,Ag 14,Sinonim,"Seberapa sering Anda mengalami gangguan dalam memusatkan perhatian, contohnya saat membaca atau menonton TV?",
7,"Sulit berkonsentrasi pada sesuatu, misalnya membaca koran atau menonton televisi",Q7_Ag15,Ag 15,Sinonim,Seberapa sering Anda merasa pikiran Anda mudah teralih saat mencoba berkonsentrasi pada membaca koran atau menonton televisi?,
7,"Sulit berkonsentrasi pada sesuatu, misalnya membaca koran atau menonton televisi",Q7_Ag16,Ag 16,Sinonim,Seberapa kerap Anda merasa tidak bisa fokus saat membaca atau menonton televisi?,
7,"Sulit berkonsentrasi pada sesuatu, misalnya membaca koran atau menonton televisi",Q7_Ag17,Ag 17,Sinonim,"Dalam kurun waktu ini, seberapa sering Anda sulit berkonsentrasi pada sesuatu, misalnya membaca koran atau menonton televisi?",
7,"Sulit berkonsentrasi pada sesuatu, misalnya membaca koran atau menonton televisi",Q7_Ag18,Ag 18,Sinonim,Seberapa sering Anda mendapati diri Anda tidak dapat berkonsentrasi dengan baik saat membaca atau menonton televisi?,
7,"Sulit berkonsentrasi pada sesuatu, misalnya membaca koran atau menonton televisi",Q7_Ag19,Ag 19,Sinonim,Seberapa kerap Anda merasa kesulitan untuk menjaga perhatian saat membaca koran atau menonton televisi?,
7,"Sulit berkonsentrasi pada sesuatu, misalnya membaca koran atau menonton televisi",Q7_Ag20,Ag 20,Sinonim,Seberapa sering Anda merasa sulit berkonsentrasi pada kegiatan seperti membaca atau menonton televisi?,
8,Bergerak atau berbicara sangat lambat sehingga orang lain memperhatikannya. Atau sebaliknya; merasa resah atau gelisah sehingga Anda lebih sering bergerak dari biasanya.,Q8_Ag1,Ag 1,Interogatif,"Seberapa sering Anda bergerak atau berbicara dengan sangat lambat sehingga orang lain menyadarinya, ATAU sebaliknya, merasa resah atau gelisah sehingga Anda bergerak lebih sering dari biasanya?",
8,Bergerak atau berbicara sangat lambat sehingga orang lain memperhatikannya. Atau sebaliknya; merasa resah atau gelisah sehingga Anda lebih sering bergerak dari biasanya.,Q8_Ag2,Ag 2,Interogatif,Apakah Anda mengalami perubahan dalam kecepatan gerak atau bicara Anda (menjadi sangat lambat hingga orang lain memperhatikan) ATAU merasa sangat resah dan gelisah sehingga Anda tidak bisa diam?,
8,Bergerak atau berbicara sangat lambat sehingga orang lain memperhatikannya. Atau sebaliknya; merasa resah atau gelisah sehingga Anda lebih sering bergerak dari biasanya.,Q8_Ag3,Ag 3,Interogatif,"Dalam beberapa waktu terakhir, seberapa sering orang lain mengomentari bahwa Anda bergerak atau berbicara lebih lambat dari biasanya, ATAU Anda merasa sangat tidak tenang dan terus bergerak?",
8,Bergerak atau berbicara sangat lambat sehingga orang lain memperhatikannya. Atau sebaliknya; merasa resah atau gelisah sehingga Anda lebih sering bergerak dari biasanya.,Q8_Ag4,Ag 4,Interogatif,"Seberapa sering gerakan atau cara bicara Anda melambat secara signifikan sehingga menarik perhatian orang, ATAU Anda merasa begitu gelisah sehingga sulit untuk duduk tenang?",
8,Bergerak atau berbicara sangat lambat sehingga orang lain memperhatikannya. Atau sebaliknya; merasa resah atau gelisah sehingga Anda lebih sering bergerak dari biasanya.,Q8_Ag5,Ag 5,Interogatif,"Pernahkah Anda merasa aktivitas fisik atau verbal Anda melambat drastis sampai orang lain melihatnya, ATAU Anda merasa sangat cemas dan tidak bisa berhenti bergerak?",
8,Bergerak atau berbicara sangat lambat sehingga orang lain memperhatikannya. Atau sebaliknya; merasa resah atau gelisah sehingga Anda lebih sering bergerak dari biasanya.,Q8_Ag6,Ag 6,Interogatif,"Seberapa sering Anda mendapati diri Anda bergerak atau berbicara dengan tempo yang sangat pelan hingga disadari orang lain, ATAU sebaliknya, Anda merasa sangat risau dan banyak bergerak?",
8,Bergerak atau berbicara sangat lambat sehingga orang lain memperhatikannya. Atau sebaliknya; merasa resah atau gelisah sehingga Anda lebih sering bergerak dari biasanya.,Q8_Ag7,Ag 7,Interogatif,"Apakah Anda seringkali bergerak atau berbicara lebih lambat dari biasanya sampai orang lain menegur, ATAU Anda merasa sangat gugup dan gelisah sehingga sulit untuk diam?",
8,Bergerak atau berbicara sangat lambat sehingga orang lain memperhatikannya. Atau sebaliknya; merasa resah atau gelisah sehingga Anda lebih sering bergerak dari biasanya.,Q8_Ag8,Ag 8,Interogatif,"Seberapa sering Anda menyadari bahwa gerakan tubuh atau ucapan Anda menjadi sangat lamban dan diperhatikan orang, ATAU Anda merasa penuh kegelisahan dan dorongan untuk terus bergerak?",
8,Bergerak atau berbicara sangat lambat sehingga orang lain memperhatikannya. Atau sebaliknya; merasa resah atau gelisah sehingga Anda lebih sering bergerak dari biasanya.,Q8_Ag9,Ag 9,Interogatif,"Dalam periode waktu ini, apakah Anda sering bergerak atau berbicara sangat pelan hingga orang lain memperhatikannya, ATAU Anda merasa resah dan bergerak lebih aktif dari biasanya?",
8,Bergerak atau berbicara sangat lambat sehingga orang lain memperhatikannya. Atau sebaliknya; merasa resah atau gelisah sehingga Anda lebih sering bergerak dari biasanya.,Q8_Ag10,Ag 10,Interogatif,"Seberapa sering Anda merasa diri Anda melambat dalam bergerak atau berbicara hingga menjadi perhatian, ATAU justru Anda merasa sangat gelisah dan tidak bisa tenang secara fisik?",
8,Bergerak atau berbicara sangat lambat sehingga orang lain memperhatikannya. Atau sebaliknya; merasa resah atau gelisah sehingga Anda lebih sering bergerak dari biasanya.,Q8_Ag1,Ag 1,Interogatif,"Seberapa sering Anda bergerak atau berbicara sangat lambat sehingga orang lain menyadarinya, atau sebaliknya merasa gelisah dan bergerak lebih cepat dari biasanya selama dua minggu terakhir?",
8,Bergerak atau berbicara sangat lambat sehingga orang lain memperhatikannya. Atau sebaliknya; merasa resah atau gelisah sehingga Anda lebih sering bergerak dari biasanya.,Q8_Ag2,Ag 2,Interogatif,"Dalam dua minggu terakhir, apakah Anda kerap merasa tubuh atau bicara Anda melambat terlihat jelas oleh orang lain, atau sebaliknya terasa gelisah dan bergerak berlebihan?",
8,Bergerak atau berbicara sangat lambat sehingga orang lain memperhatikannya. Atau sebaliknya; merasa resah atau gelisah sehingga Anda lebih sering bergerak dari biasanya.,Q8_Ag3,Ag 3,Interogatif,"Apakah selama dua minggu terakhir Anda sering tampak sangat lambat beraktivitas atau berbicara sampai orang lain memperhatikan, atau justru merasa gelisah sehingga terlalu banyak bergerak?",
8,Bergerak atau berbicara sangat lambat sehingga orang lain memperhatikannya. Atau sebaliknya; merasa resah atau gelisah sehingga Anda lebih sering bergerak dari biasanya.,Q8_Ag4,Ag 4,Interogatif,"Seberapa kerap dalam dua minggu terakhir Anda mengalami perlambatan gerak atau bicara sehingga diperhatikan orang lain, atau sebaliknya merasa cemas dan terus bergerak?",
8,Bergerak atau berbicara sangat lambat sehingga orang lain memperhatikannya. Atau sebaliknya; merasa resah atau gelisah sehingga Anda lebih sering bergerak dari biasanya.,Q8_Ag5,Ag 5,Interogatif,"Selama dua minggu terakhir, seberapa sering Anda merasa gerakan tubuh atau bicara Anda tertunda sehingga orang menyadarinya, atau sebaliknya merasa resah dan tidak tenang bergerak?",
8,Bergerak atau berbicara sangat lambat sehingga orang lain memperhatikannya. Atau sebaliknya; merasa resah atau gelisah sehingga Anda lebih sering bergerak dari biasanya.,Q8_Ag6,Ag 6,Interogatif,"Dalam dua minggu terakhir, apakah Anda sering mengalami gerakan lamban atau bicara pelan yang diperhatikan orang, atau merasa gelisah hingga bergerak terus-menerus?",
8,Bergerak atau berbicara sangat lambat sehingga orang lain memperhatikannya. Atau sebaliknya; merasa resah atau gelisah sehingga Anda lebih sering bergerak dari biasanya.,Q8_Ag7,Ag 7,Interogatif,"Apakah Anda kerap merasa sangat lambat dalam bergerak atau bicara sehingga mencolok, atau justru merasa gelisah dan sulit diam selama dua minggu terakhir?",
8,Bergerak atau berbicara sangat lambat sehingga orang lain memperhatikannya. Atau sebaliknya; merasa resah atau gelisah sehingga Anda lebih sering bergerak dari biasanya.,Q8_Ag8,Ag 8,Interogatif,"Seberapa sering dalam dua minggu terakhir Anda merasakan perlambatan aktivitas atau bicara yang terlihat jelas oleh orang lain, atau merasa gelisah dan bergerak tanpa henti?",
8,Bergerak atau berbicara sangat lambat sehingga orang lain memperhatikannya. Atau sebaliknya; merasa resah atau gelisah sehingga Anda lebih sering bergerak dari biasanya.,Q8_Ag9,Ag 9,Interogatif,"Selama dua minggu terakhir, apakah Anda sering menampilkan gerakan lambat atau bicara pelan sampai orang lain memperhatikan, atau merasa resah dan terlalu banyak bergerak?",
8,Bergerak atau berbicara sangat lambat sehingga orang lain memperhatikannya. Atau sebaliknya; merasa resah atau gelisah sehingga Anda lebih sering bergerak dari biasanya.,Q8_Ag10,Ag 10,Interogatif,"Dalam dua minggu terakhir, seberapa sering Anda mengalami gerak tubuh atau bicara yang sangat lambat sehingga terlihat orang lain, atau merasa gelisah sehingga bergerak terus?",
8,Bergerak atau berbicara sangat lambat sehingga orang lain memperhatikannya. Atau sebaliknya; merasa resah atau gelisah sehingga Anda lebih sering bergerak dari biasanya.,Q8_Ag1,Ag 1,Interogatif,"Seberapa sering Anda bergerak atau berbicara begitu lambatnya sampai orang lain menyadarinya, ATAU sebaliknya, merasa resah atau gelisah sehingga Anda bergerak lebih banyak dari biasanya?",
8,Bergerak atau berbicara sangat lambat sehingga orang lain memperhatikannya. Atau sebaliknya; merasa resah atau gelisah sehingga Anda lebih sering bergerak dari biasanya.,Q8_Ag2,Ag 2,Interogatif,"Apakah Anda mengalami perlambatan gerakan atau pembicaraan yang noticeable oleh orang lain, ATAU justru merasa tidak tenang atau gugup sehingga Anda lebih aktif bergerak dari biasanya?",
8,Bergerak atau berbicara sangat lambat sehingga orang lain memperhatikannya. Atau sebaliknya; merasa resah atau gelisah sehingga Anda lebih sering bergerak dari biasanya.,Q8_Ag3,Ag 3,Interogatif,"Dalam frekuensi apa Anda bergerak atau berbicara dengan sangat pelan hingga menarik perhatian orang, ATAU sebaliknya, merasa cemas atau tegang sehingga Anda lebih sering bergerak?",
8,Bergerak atau berbicara sangat lambat sehingga orang lain memperhatikannya. Atau sebaliknya; merasa resah atau gelisah sehingga Anda lebih sering bergerak dari biasanya.,Q8_Ag4,Ag 4,Interogatif,"Pernahkah Anda bergerak atau berbicara sangat lambat sehingga orang lain berkomentar, ATAU sebaliknya, merasa sangat resah atau gelisah sehingga Anda tidak bisa diam?",
8,Bergerak atau berbicara sangat lambat sehingga orang lain memperhatikannya. Atau sebaliknya; merasa resah atau gelisah sehingga Anda lebih sering bergerak dari biasanya.,Q8_Ag5,Ag 5,Interogatif,"Seberapa kerap Anda mendapati diri Anda bergerak atau berbicara dengan lamban yang kentara, ATAU sebaliknya, merasa tidak nyaman atau khawatir sehingga Anda lebih banyak bergerak dari biasanya?",
8,Bergerak atau berbicara sangat lambat sehingga orang lain memperhatikannya. Atau sebaliknya; merasa resah atau gelisah sehingga Anda lebih sering bergerak dari biasanya.,Q8_Ag6,Ag 6,Interogatif,"Apakah Anda mengalami perubahan dalam kecepatan gerak atau bicara Anda (menjadi sangat lambat dan diperhatikan orang), ATAU sebaliknya, merasa sangat gelisah atau risau sehingga Anda lebih sering bergerak?",
8,Bergerak atau berbicara sangat lambat sehingga orang lain memperhatikannya. Atau sebaliknya; merasa resah atau gelisah sehingga Anda lebih sering bergerak dari biasanya.,Q8_Ag7,Ag 7,Interogatif,"Seberapa sering gerakan atau ucapan Anda menjadi sangat lambat sampai orang lain memperhatikannya, ATAU sebaliknya, Anda merasa begitu resah atau gelisah sehingga Anda bergerak lebih sering dari biasanya?",
8,Bergerak atau berbicara sangat lambat sehingga orang lain memperhatikannya. Atau sebaliknya; merasa resah atau gelisah sehingga Anda lebih sering bergerak dari biasanya.,Q8_Ag8,Ag 8,Interogatif,"Adakah waktu di mana Anda bergerak atau berbicara sangat pelan sehingga orang lain mengomentarinya, ATAU sebaliknya, merasa sangat resah atau tegang sehingga Anda lebih banyak bergerak dari biasanya?",
8,Bergerak atau berbicara sangat lambat sehingga orang lain memperhatikannya. Atau sebaliknya; merasa resah atau gelisah sehingga Anda lebih sering bergerak dari biasanya.,Q8_Ag9,Ag 9,Interogatif,"Berapa kali Anda bergerak atau berbicara sangat lambat sehingga orang lain memperhatikannya, ATAU sebaliknya, merasa resah atau gelisah sehingga Anda lebih sering bergerak dari biasanya?",
8,Bergerak atau berbicara sangat lambat sehingga orang lain memperhatikannya. Atau sebaliknya; merasa resah atau gelisah sehingga Anda lebih sering bergerak dari biasanya.,Q8_Ag10,Ag 10,Interogatif,"Apakah Anda sering bergerak atau berbicara sangat lambat sehingga orang lain memperhatikannya, ATAU sebaliknya, merasa resah atau gelisah sehingga Anda lebih sering bergerak dari biasanya?",
8,Bergerak atau berbicara sangat lambat sehingga orang lain memperhatikannya. Atau sebaliknya; merasa resah atau gelisah sehingga Anda lebih sering bergerak dari biasanya.,Q8_Ag11,Ag 11,Sinonim,"Seberapa sering Anda berjalan atau bertutur kata dengan sangat lambat sehingga orang lain memperhatikannya, ATAU sebaliknya, merasa khawatir atau tidak tenang sehingga Anda bergerak lebih sering dari biasanya?",
8,Bergerak atau berbicara sangat lambat sehingga orang lain memperhatikannya. Atau sebaliknya; merasa resah atau gelisah sehingga Anda lebih sering bergerak dari biasanya.,Q8_Ag12,Ag 12,Sinonim,"Seberapa kerap Anda melakukan aktivitas atau berbicara dengan sangat pelan sehingga orang lain menyadarinya, ATAU sebaliknya, merasa gelisah atau cemas sehingga Anda lebih banyak bergerak dari biasanya?",
8,Bergerak atau berbicara sangat lambat sehingga orang lain memperhatikannya. Atau sebaliknya; merasa resah atau gelisah sehingga Anda lebih sering bergerak dari biasanya.,Q8_Ag13,Ag 13,Sinonim,"Dalam periode waktu tertentu, seberapa sering Anda bergerak atau berbicara sangat lambat sehingga orang lain memperhatikannya, ATAU sebaliknya, merasa resah atau gelisah sehingga Anda lebih sering bergerak dari biasanya?",
8,Bergerak atau berbicara sangat lambat sehingga orang lain memperhatikannya. Atau sebaliknya; merasa resah atau gelisah sehingga Anda lebih sering bergerak dari biasanya.,Q8_Ag14,Ag 14,Sinonim,"Seberapa sering Anda menunjukkan gerakan atau cara bicara yang sangat lambat dan diperhatikan orang, ATAU sebaliknya, merasa sangat resah atau tidak tenang sehingga Anda lebih banyak bergerak?",
8,Bergerak atau berbicara sangat lambat sehingga orang lain memperhatikannya. Atau sebaliknya; merasa resah atau gelisah sehingga Anda lebih sering bergerak dari biasanya.,Q8_Ag15,Ag 15,Sinonim,"Seberapa sering Anda bergerak atau berbicara dengan kecepatan yang sangat rendah sehingga orang lain menyadarinya, ATAU sebaliknya, merasa gelisah atau gugup sehingga Anda lebih aktif dari biasanya?",
8,Bergerak atau berbicara sangat lambat sehingga orang lain memperhatikannya. Atau sebaliknya; merasa resah atau gelisah sehingga Anda lebih sering bergerak dari biasanya.,Q8_Ag16,Ag 16,Sinonim,"Seberapa kerap Anda bergerak atau berbicara sangat lambat sehingga orang lain memperhatikannya, ATAU sebaliknya, merasa resah atau gelisah sehingga Anda bergerak lebih sering dari biasanya?",
8,Bergerak atau berbicara sangat lambat sehingga orang lain memperhatikannya. Atau sebaliknya; merasa resah atau gelisah sehingga Anda lebih sering bergerak dari biasanya.,Q8_Ag17,Ag 17,Sinonim,"Dalam kurun waktu ini, seberapa sering Anda bergerak atau berbicara sangat lambat sehingga orang lain memperhatikannya, ATAU sebaliknya, merasa resah atau gelisah sehingga Anda lebih sering bergerak dari biasanya?",
8,Bergerak atau berbicara sangat lambat sehingga orang lain memperhatikannya. Atau sebaliknya; merasa resah atau gelisah sehingga Anda lebih sering bergerak dari biasanya.,Q8_Ag18,Ag 18,Sinonim,"Seberapa sering orang lain memperhatikan bahwa Anda bergerak atau berbicara sangat lambat, ATAU sebaliknya, Anda merasa begitu resah atau gelisah sehingga Anda lebih banyak bergerak dari biasanya?",
8,Bergerak atau berbicara sangat lambat sehingga orang lain memperhatikannya. Atau sebaliknya; merasa resah atau gelisah sehingga Anda lebih sering bergerak dari biasanya.,Q8_Ag19,Ag 19,Sinonim,"Seberapa kerap Anda bergerak atau berbicara dengan sangat lambat sehingga orang lain memperhatikannya, ATAU sebaliknya, merasa resah atau gelisah sehingga Anda lebih sering bergerak dari biasanya?",
8,Bergerak atau berbicara sangat lambat sehingga orang lain memperhatikannya. Atau sebaliknya; merasa resah atau gelisah sehingga Anda lebih sering bergerak dari biasanya.,Q8_Ag20,Ag 20,Sinonim,"Seberapa sering Anda merasa gerakan atau bicara Anda sangat lambat sehingga orang lain menyadarinya, ATAU sebaliknya, Anda merasa sangat gelisah atau resah sehingga Anda lebih banyak bergerak dari biasanya?",
9,Merasa lebih baik mati atau ingin melukai diri sendiri dengan cara apapun.,Q9_Ag1,Ag 1,Interogatif,Seberapa sering Anda berpikir bahwa lebih baik mati atau memiliki keinginan untuk melukai diri sendiri dengan cara apapun?,
9,Merasa lebih baik mati atau ingin melukai diri sendiri dengan cara apapun.,Q9_Ag2,Ag 2,Interogatif,Apakah Anda memiliki pikiran untuk mengakhiri hidup atau menyakiti diri sendiri?,
9,Merasa lebih baik mati atau ingin melukai diri sendiri dengan cara apapun.,Q9_Ag3,Ag 3,Interogatif,"Dalam beberapa waktu terakhir, seberapa sering Anda merasa bahwa hidup ini tidak berharga lagi atau muncul keinginan untuk mencederai diri sendiri?",
9,Merasa lebih baik mati atau ingin melukai diri sendiri dengan cara apapun.,Q9_Ag4,Ag 4,Interogatif,Seberapa sering Anda dihantui pikiran bahwa kematian lebih baik atau ada dorongan untuk melakukan tindakan yang membahayakan diri sendiri?,
9,Merasa lebih baik mati atau ingin melukai diri sendiri dengan cara apapun.,Q9_Ag5,Ag 5,Interogatif,Pernahkah Anda beranggapan bahwa akan lebih baik jika Anda tiada atau memiliki niat untuk menyakiti diri Anda?,
9,Merasa lebih baik mati atau ingin melukai diri sendiri dengan cara apapun.,Q9_Ag6,Ag 6,Interogatif,Seberapa sering Anda mendapati diri Anda berharap untuk mati atau memiliki ide untuk melukai diri sendiri?,
9,Merasa lebih baik mati atau ingin melukai diri sendiri dengan cara apapun.,Q9_Ag7,Ag 7,Interogatif,Apakah Anda sering berpikir tentang kematian sebagai jalan keluar atau memiliki keinginan untuk mencelakai diri sendiri?,
9,Merasa lebih baik mati atau ingin melukai diri sendiri dengan cara apapun.,Q9_Ag8,Ag 8,Interogatif,Seberapa sering Anda merasa putus asa hingga berpikir lebih baik mati atau ada keinginan untuk melakukan perbuatan yang merugikan diri sendiri?,
9,Merasa lebih baik mati atau ingin melukai diri sendiri dengan cara apapun.,Q9_Ag9,Ag 9,Interogatif,"Dalam periode waktu ini, apakah Anda sering memiliki pikiran bahwa lebih baik Anda tidak ada atau memiliki dorongan untuk menyakiti diri sendiri?",
9,Merasa lebih baik mati atau ingin melukai diri sendiri dengan cara apapun.,Q9_Ag10,Ag 10,Interogatif,Seberapa sering Anda merasa bahwa hidup tidak layak dijalani atau muncul keinginan untuk melukai diri sendiri dengan berbagai cara?,
9,Merasa lebih baik mati atau ingin melukai diri sendiri dengan cara apapun,Q9_Ag1,Ag 1,Interogatif,Seberapa sering Anda merasa lebih baik mati atau berniat melukai diri sendiri dengan cara apa pun selama dua minggu terakhir?,
9,Merasa lebih baik mati atau ingin melukai diri sendiri dengan cara apapun,Q9_Ag2,Ag 2,Interogatif,"Dalam dua minggu terakhir, apakah Anda sering berpikir bahwa akan lebih baik jika Anda mati atau ingin menyakiti diri sendiri dengan cara apa pun?",
9,Merasa lebih baik mati atau ingin melukai diri sendiri dengan cara apapun,Q9_Ag3,Ag 3,Interogatif,Apakah selama dua minggu terakhir Anda kerap merasa bahwa meninggal dunia lebih baik atau memiliki keinginan untuk melukai diri sendiri?,
9,Merasa lebih baik mati atau ingin melukai diri sendiri dengan cara apapun,Q9_Ag4,Ag 4,Interogatif,Seberapa kerap dalam dua minggu terakhir Anda mengalami pikiran bahwa dunia akan lebih baik tanpa Anda atau ingin melukai diri sendiri?,
9,Merasa lebih baik mati atau ingin melukai diri sendiri dengan cara apapun,Q9_Ag5,Ag 5,Interogatif,"Selama dua minggu terakhir, seberapa sering Anda merasa bahwa kematian adalah solusi atau Anda mempunyai niat untuk menyakiti diri?",
9,Merasa lebih baik mati atau ingin melukai diri sendiri dengan cara apapun,Q9_Ag6,Ag 6,Interogatif,"Dalam dua minggu terakhir, apakah Anda sering merasakan keinginan mati atau terbersit untuk melukai diri sendiri dengan apapun?",
9,Merasa lebih baik mati atau ingin melukai diri sendiri dengan cara apapun,Q9_Ag7,Ag 7,Interogatif,Apakah Anda kerap merasa bahwa berakhirnya hidup Anda adalah hal terbaik atau memiliki dorongan untuk melukai diri sendiri selama dua minggu terakhir?,
9,Merasa lebih baik mati atau ingin melukai diri sendiri dengan cara apapun,Q9_Ag8,Ag 8,Interogatif,Seberapa sering dalam dua minggu terakhir Anda berpikir akan lebih baik jika Anda mati atau ingin melukai diri sendiri?,
9,Merasa lebih baik mati atau ingin melukai diri sendiri dengan cara apapun,Q9_Ag9,Ag 9,Interogatif,"Selama dua minggu terakhir, apakah Anda sering merasa bahwa hidup tidak layak dilanjutkan atau memiliki keinginan untuk menyakiti diri sendiri?",
9,Merasa lebih baik mati atau ingin melukai diri sendiri dengan cara apapun,Q9_Ag10,Ag 10,Interogatif,"Dalam dua minggu terakhir, seberapa sering Anda merasa kematian lebih menguntungkan atau terbesit keinginan melukai diri sendiri?",
9,Merasa lebih baik mati atau ingin melukai diri sendiri dengan cara apapun.,Q9_Ag1,Ag 1,Interogatif,Seberapa sering Anda merasa bahwa lebih baik meninggal dunia atau memiliki keinginan untuk menyakiti diri sendiri dengan cara apapun?,
9,Merasa lebih baik mati atau ingin melukai diri sendiri dengan cara apapun.,Q9_Ag2,Ag 2,Interogatif,Apakah Anda mengalami pikiran bahwa hidup tidak berharga lagi atau ada dorongan untuk melukai diri sendiri?,
9,Merasa lebih baik mati atau ingin melukai diri sendiri dengan cara apapun.,Q9_Ag3,Ag 3,Interogatif,Dalam frekuensi apa Anda berpikir akan lebih baik jika mati atau memiliki hasrat untuk mencederai diri sendiri?,
9,Merasa lebih baik mati atau ingin melukai diri sendiri dengan cara apapun.,Q9_Ag4,Ag 4,Interogatif,Pernahkah Anda merasa ingin mengakhiri hidup atau memiliki keinginan untuk melakukan tindakan yang membahayakan diri sendiri?,
9,Merasa lebih baik mati atau ingin melukai diri sendiri dengan cara apapun.,Q9_Ag5,Ag 5,Interogatif,Seberapa kerap Anda merasa putus asa hingga berpikir lebih baik mati atau memiliki dorongan untuk menyakiti diri Anda?,
9,Merasa lebih baik mati atau ingin melukai diri sendiri dengan cara apapun.,Q9_Ag6,Ag 6,Interogatif,Apakah Anda mendapati diri Anda sering berpikir bahwa kematian lebih baik atau memiliki keinginan untuk melukai diri sendiri?,
9,Merasa lebih baik mati atau ingin melukai diri sendiri dengan cara apapun.,Q9_Ag7,Ag 7,Interogatif,Seberapa sering Anda memiliki pikiran bahwa lebih baik tidak hidup lagi atau ada keinginan untuk mencelakai diri sendiri dengan berbagai cara?,
9,Merasa lebih baik mati atau ingin melukai diri sendiri dengan cara apapun.,Q9_Ag8,Ag 8,Interogatif,Adakah waktu di mana Anda merasa bahwa mati adalah jalan keluar terbaik atau memiliki keinginan kuat untuk melukai diri sendiri?,
9,Merasa lebih baik mati atau ingin melukai diri sendiri dengan cara apapun.,Q9_Ag9,Ag 9,Interogatif,Berapa kali Anda merasakan bahwa lebih baik mati atau memiliki pikiran untuk menyakiti diri sendiri dengan cara apapun?,
9,Merasa lebih baik mati atau ingin melukai diri sendiri dengan cara apapun.,Q9_Ag10,Ag 10,Interogatif,Apakah Anda sering merasa bahwa akan lebih baik jika Anda mati atau memiliki niat untuk melukai diri sendiri?,
9,Merasa lebih baik mati atau ingin melukai diri sendiri dengan cara apapun.,Q9_Ag11,Ag 11,Sinonim,Seberapa sering Anda memiliki pikiran bahwa hidup ini lebih baik diakhiri atau ada keinginan untuk mencederai diri Anda sendiri dengan cara apapun?,
9,Merasa lebih baik mati atau ingin melukai diri sendiri dengan cara apapun.,Q9_Ag12,Ag 12,Sinonim,Seberapa kerap Anda merasa bahwa kematian adalah pilihan yang lebih baik atau memiliki dorongan untuk melakukan tindakan menyakiti diri sendiri?,
9,Merasa lebih baik mati atau ingin melukai diri sendiri dengan cara apapun.,Q9_Ag13,Ag 13,Sinonim,"Dalam periode waktu tertentu, seberapa sering Anda merasa lebih baik mati atau ingin melukai diri sendiri dengan cara apapun?",
9,Merasa lebih baik mati atau ingin melukai diri sendiri dengan cara apapun.,Q9_Ag14,Ag 14,Sinonim,Seberapa sering Anda mengalami pikiran untuk mengakhiri hidup atau memiliki keinginan untuk menyakiti diri sendiri?,
9,Merasa lebih baik mati atau ingin melukai diri sendiri dengan cara apapun.,Q9_Ag15,Ag 15,Sinonim,Seberapa sering Anda merasa bahwa lebih baik Anda tiada atau memiliki hasrat untuk melukai diri sendiri dengan cara apapun?,
9,Merasa lebih baik mati atau ingin melukai diri sendiri dengan cara apapun.,Q9_Ag16,Ag 16,Sinonim,Seberapa kerap Anda berpikir bahwa tidak ada gunanya hidup lagi atau memiliki keinginan untuk menyakiti diri sendiri?,
9,Merasa lebih baik mati atau ingin melukai diri sendiri dengan cara apapun.,Q9_Ag17,Ag 17,Sinonim,"Dalam kurun waktu ini, seberapa sering Anda merasa lebih baik mati atau ingin melukai diri sendiri dengan cara apapun?",
9,Merasa lebih baik mati atau ingin melukai diri sendiri dengan cara apapun.,Q9_Ag18,Ag 18,Sinonim,Seberapa sering Anda memiliki pikiran bahwa kematian akan lebih baik atau ada dorongan untuk mencederai diri sendiri?,
9,Merasa lebih baik mati atau ingin melukai diri sendiri dengan cara apapun.,Q9_Ag19,Ag 19,Sinonim,Seberapa kerap Anda merasa ingin menyerah pada hidup atau memiliki keinginan untuk melukai diri sendiri?,
9,Merasa lebih baik mati atau ingin melukai diri sendiri dengan cara apapun.,Q9_Ag20,Ag 20,Sinonim,Seberapa sering Anda merasa bahwa lebih baik mati atau ada keinginan untuk melukai diri sendiri dengan cara apapun?,